{
  "timestamp": "2025-11-25T00:30:28.319357+03:00",
  "tables": {
    "bankbranch": {
      "columns": [
        "id",
        "servicezone",
        "full_address",
        "contactphone",
        "workingdays",
        "workinghours",
        "branchtype"
      ],
      "data": [
        [
          1,
          "Центральный",
          "г. Минск, пр-т Независимости, 58",
          "+375-17-255-55-55",
          "Пн-Пт",
          "09:00-18:00",
          "Центральный офис"
        ],
        [
          2,
          "Заводской",
          "г. Минск, ул. Ташкентская, 19",
          "+375-17-244-44-44",
          "Пн-Пт",
          "09:00-20:00",
          "Расчетно-кассовый центр"
        ],
        [
          3,
          "Фрунзенский",
          "г. Минск, ул. Притыцкого, 62",
          "+375-17-233-33-33",
          "Пн-Вс",
          "08:00-22:00",
          "Отделение самообслуживания"
        ],
        [
          4,
          "Первомайский",
          "г. Минск, ул. Волгоградская, 1А",
          "+375-17-222-22-22",
          "Пн-Пт",
          "10:00-17:00",
          "Стандартное отделение"
        ],
        [
          5,
          "Московский",
          "г. Минск, ул. Лобанка, 78",
          "+375-17-211-11-11",
          "Пн-Пт",
          "09:00-19:00",
          "Расчетно-кассовый центр"
        ],
        [
          6,
          "Октябрьский",
          "г. Минск, пр-т Победителей, 25",
          "+375-17-200-00-00",
          "Пн-Сб",
          "08:30-21:00",
          "Отделение самообслуживания"
        ],
        [
          7,
          "Ленинский",
          "г. Минск, ул. Якубовского, 42",
          "+375-17-299-99-99",
          "Пн-Пт",
          "09:00-18:00",
          "Стандартное отделение"
        ],
        [
          8,
          "Советский",
          "г. Минск, ул. Веры Хоружей, 15",
          "+375-17-288-88-88",
          "Пн-Вс",
          "08:00-23:00",
          "Круглосуточное отделение"
        ],
        [
          9,
          "Партизанский",
          "г. Минск, ул. Захарова, 33",
          "+375-17-277-77-77",
          "Пн-Пт",
          "10:00-17:00",
          "Стандартное отделение"
        ],
        [
          10,
          "Борисовский",
          "г. Борисов, ул. Чапаева, 8",
          "+375-17-977-55-55",
          "Пн-Пт",
          "09:00-18:00",
          "Городское отделение"
        ],
        [
          11,
          "Жодинский",
          "г. Жодино, ул. 40 лет Октября, 12",
          "+375-17-744-33-33",
          "Пн-Сб",
          "09:00-20:00",
          "Городское отделение"
        ],
        [
          12,
          "Солигорский",
          "г. Солигорск, ул. Козлова, 24",
          "+375-17-401-22-22",
          "Пн-Пт",
          "08:30-17:30",
          "Городское отделение"
        ],
        [
          13,
          "Молодечненский",
          "г. Молодечно, ул. Великий Гостинец, 78",
          "+375-17-673-44-44",
          "Пн-Пт",
          "09:00-19:00",
          "Городское отделение"
        ],
        [
          14,
          "Витебский",
          "г. Витебск, пр-т Московский, 45",
          "+375-21-255-66-66",
          "Пн-Вс",
          "08:00-22:00",
          "Областной центр"
        ],
        [
          15,
          "Гомельский",
          "г. Гомель, ул. Советская, 28",
          "+375-23-244-77-77",
          "Пн-Пт",
          "09:00-18:00",
          "Областной центр"
        ],
        [
          16,
          "Брестский",
          "г. Брест, ул. Советская, 65",
          "+375-16-255-55-55",
          "Пн-Пт",
          "09:00-18:00",
          "Областной центр"
        ],
        [
          17,
          "Гродненский",
          "г. Гродно, ул. Ожешко, 25",
          "+375-15-244-44-44",
          "Пн-Сб",
          "09:00-20:00",
          "Областной центр"
        ],
        [
          18,
          "Могилевский",
          "г. Могилев, пр-т Мира, 45",
          "+375-22-233-33-33",
          "Пн-Пт",
          "08:30-17:30",
          "Областной центр"
        ],
        [
          19,
          "Барановичский",
          "г. Барановичи, ул. Советская, 78",
          "+375-16-377-11-11",
          "Пн-Пт",
          "09:00-19:00",
          "Городское отделение"
        ],
        [
          20,
          "Лида",
          "г. Лида, ул. Советская, 33",
          "+375-15-412-22-22",
          "Пн-Пт",
          "10:00-17:00",
          "Городское отделение"
        ],
        [
          21,
          "Пинск",
          "г. Пинск, ул. Горького, 12",
          "+375-16-355-33-33",
          "Пн-Сб",
          "09:00-20:00",
          "Городское отделение"
        ],
        [
          22,
          "Орша",
          "г. Орша, ул. Ленина, 88",
          "+375-21-624-44-44",
          "Пн-Пт",
          "09:00-18:00",
          "Городское отделение"
        ],
        [
          23,
          "Новополоцк",
          "г. Новополоцк, ул. Молодежная, 15",
          "+375-21-453-55-55",
          "Пн-Вс",
          "08:00-22:00",
          "Городское отделение"
        ],
        [
          24,
          "Мозырь",
          "г. Мозырь, ул. Советская, 42",
          "+375-23-615-66-66",
          "Пн-Пт",
          "09:00-17:00",
          "Городское отделение"
        ],
        [
          25,
          "Слуцк",
          "г. Слуцк, ул. Ленина, 29",
          "+375-17-955-77-77",
          "Пн-Пт",
          "10:00-16:00",
          "Городское отделение"
        ],
        [
          26,
          "Жлобин",
          "г. Жлобин, ул. Воровского, 18",
          "+375-23-344-88-88",
          "Пн-Сб",
          "09:00-19:00",
          "Городское отделение"
        ],
        [
          27,
          "Речица",
          "г. Речица, ул. Луначарского, 7",
          "+375-23-401-99-99",
          "Пн-Пт",
          "09:00-18:00",
          "Городское отделение"
        ],
        [
          28,
          "Светлогорск",
          "г. Светлогорск, ул. Калинина, 55",
          "+375-23-422-00-00",
          "Пн-Пт",
          "08:30-17:30",
          "Городское отделение"
        ],
        [
          29,
          "Полоцк",
          "г. Полоцк, ул. Гоголя, 22",
          "+375-21-441-11-11",
          "Пн-Вс",
          "08:00-23:00",
          "Городское отделение"
        ],
        [
          30,
          "Кобрин",
          "г. Кобрин, ул. Ленина, 34",
          "+375-16-422-33-33",
          "Пн-Пт",
          "09:00-18:00",
          "Городское отделение"
        ]
      ]
    }
  }
}